"Fishing_ID","Lake","Date","Latitude","Longitude","Start_time","Gear_type","Gear_ID","Identifier","tot_AmRu","tot_FuDi","tot_MiDo","tot_Centrarchidae","tot_LeGi","tot_PeFl","tot_PiPr","tot_Chrosomus sp.","tot_PiNo","tot_Cyprinidae","tot_SeAt","tot_LuCo","tot_AmNe","tot_CaCo","tot_EsMa","tot_UmLi","tot_RhAt","inf_AmRu","inf_FuDi","inf_MiDo","inf_Centrarchidae","inf_LeGi","inf_PeFl","inf_PiPr","inf_Chrosomus sp.","inf_PiNo","inf_Cyprinidae","inf_SeAt","inf_LuCo","inf_AmNe","inf_CaCo","inf_EsMa","inf_UmLi","inf_RhAt"
"ACHI_N_01","Achigan","2022-07-27","45°56.366'","73°58.843'","17:03","Minnow_trap","N1",NA,0,0,0,0,0,0,0,0,0,0,0,0,0,0,0,0,0,0,0,0,0,0,0,0,0,0,0,0,0,0,0,0,0,0
"ACHI_N_02","Achigan","2022-07-27","45°56.628'","73°57.542'","17:31","Minnow_trap","N2",NA,0,0,0,0,0,0,0,0,0,0,0,0,0,0,0,0,0,0,0,0,0,0,0,0,0,0,0,0,0,0,0,0,0,0
"ACHI_N_03","Achigan","2022-07-27","45°56.053'","73°57.443'","17:23","Minnow_trap","N3",NA,0,0,0,0,0,0,0,0,0,0,0,0,0,0,0,0,0,0,0,0,0,0,0,0,0,0,0,0,0,0,0,0,0,0
"ACHI_N_04","Achigan","2022-07-27","45°56.019'","73°57.327'","17:39","Minnow_trap","N4",NA,0,0,0,0,0,0,0,0,0,0,0,0,0,0,0,0,0,0,0,0,0,0,0,0,0,0,0,0,0,0,0,0,0,0
"ACHI_N_05","Achigan","2022-07-27","45°55.575'","73°57.085'","17:30","Minnow_trap","N5",NA,0,0,0,0,0,0,0,0,0,0,0,0,0,0,0,0,0,0,0,0,0,0,0,0,0,0,0,0,0,0,0,0,0,0
"ACHI_N_06","Achigan","2022-07-27","45°56.580'","73°58.321'","16:28","Minnow_trap","N6",NA,0,0,0,0,0,0,0,0,0,0,0,0,0,0,0,0,0,0,0,0,0,0,0,0,0,0,0,0,0,0,0,0,0,0
"ACHI_N_07","Achigan","2022-07-27","45°56.381'","73°59.731'","16:56","Minnow_trap","N7",NA,0,0,0,0,0,0,0,0,0,0,0,0,0,0,0,0,0,0,0,0,0,0,0,0,0,0,0,0,0,0,0,0,0,0
"ACHI_N_09","Achigan","2022-07-27","45°56.147'","73°57.996'","17:16","Minnow_trap","N9",NA,0,0,0,0,0,0,0,0,0,0,0,0,0,0,0,0,0,0,0,0,0,0,0,0,0,0,0,0,0,0,0,0,0,0
"ACHI_N_11","Achigan","2022-07-27","45°56.575'","73°59.696'","16:44","Minnow_trap","N11",NA,0,0,0,0,0,0,0,0,0,0,0,0,0,0,0,0,0,0,0,0,0,0,0,0,0,0,0,0,0,0,0,0,0,0
"ACHI_N_12","Achigan","2022-07-27","45°56.196'","73°59.879'","16:50","Minnow_trap","N12",NA,0,0,0,0,0,0,0,0,0,0,0,0,0,0,0,0,0,0,0,0,0,0,0,0,0,0,0,0,0,0,0,0,0,0
"ACHI_N_13","Achigan","2022-07-27","45°56.378'","73°59.640'","16:38","Minnow_trap","N13",NA,0,0,0,0,0,0,0,0,0,0,0,0,0,0,0,0,0,0,0,0,0,0,0,0,0,0,0,0,0,0,0,0,0,0
"ACHI_N_14","Achigan","2022-07-27","45°56.072'","73°58.596'","17:10","Minnow_trap","N14",NA,0,0,0,0,0,0,0,0,0,0,0,0,0,0,0,0,0,0,0,0,0,0,0,0,0,0,0,0,0,0,0,0,0,0
"ACHI_N_15","Achigan","2022-07-27","45°56.630'","73°58.332'","16:25","Minnow_trap","N15",NA,0,0,0,0,0,0,0,0,0,0,0,0,0,0,0,0,0,0,0,0,0,0,0,0,0,0,0,0,0,0,0,0,0,0
"ACHI_N_16","Achigan","2022-07-27","45°56.656'","73°57.670'","17:56","Minnow_trap","N16","Juliane",1,0,0,0,0,0,0,0,0,0,0,0,0,0,0,0,0,0,0,0,0,0,0,0,0,0,0,0,0,0,0,0,0,0
"ACHI_N_17","Achigan","2022-07-27","45°56.453'","73°57.183'","17:45","Minnow_trap","N17",NA,0,0,0,0,0,0,0,0,0,0,0,0,0,0,0,0,0,0,0,0,0,0,0,0,0,0,0,0,0,0,0,0,0,0
"ACHI_S_01","Achigan","2022-07-27","45°56.322'","73°59.776'","11:38","Seine","S1",NA,0,0,0,0,0,0,0,0,0,0,0,0,0,0,0,0,0,0,0,0,0,0,0,0,0,0,0,0,0,0,0,0,0,0
"ACHI_S_02","Achigan","2022-07-27","45°56.547'","73°59.646'","12:03","Seine","S1","Lea",0,2,5,0,0,0,0,0,0,0,0,0,0,0,0,0,0,0,0,0,0,0,0,0,0,0,0,0,0,0,0,0,0,0
"ACHI_S_03","Achigan","2022-07-27","45°56.431'","73°58.292'","14:11","Seine","S1",NA,0,0,0,0,0,0,0,0,0,0,0,0,0,0,0,0,0,0,0,0,0,0,0,0,0,0,0,0,0,0,0,0,0,0
"ACHI_S_04","Achigan","2022-07-27","45°55.685'","73°57.278'","14:27","Seine","S1",NA,0,0,0,0,0,0,0,0,0,0,0,0,0,0,0,0,0,0,0,0,0,0,0,0,0,0,0,0,0,0,0,0,0,0
"ACHI_S_05","Achigan","2022-07-27","45°55.672'","73°57.273'","14:38","Seine","S1","Juliane",0,0,0,1,0,0,0,0,0,0,0,0,0,0,0,0,0,0,0,0,0,0,0,0,0,0,0,0,0,0,0,0,0,0
"ACHI_S_06","Achigan","2022-07-27","45°56.536'","73°57.216'","15:07","Seine","S1","Juliane",0,0,0,3,0,0,0,0,0,0,0,0,0,0,0,0,0,0,0,0,0,0,0,0,0,0,0,0,0,0,0,0,0,0
"ACHI_S_07","Achigan","2022-07-27","45°56.663'","73°57.678'","15:27","Seine","S1","Charles",0,0,0,0,3,1,0,0,0,0,0,0,0,0,0,0,0,0,0,0,0,2,0,0,0,0,0,0,0,0,0,0,0,0
"ACHI_S_08","Achigan","2022-07-27","45°56.660'","73°57.680'","15:48","Seine","S1","Juliane",0,0,10,1,34,12,0,0,0,0,0,0,0,0,0,0,0,0,0,0,0,7,0,0,0,0,0,0,0,0,0,0,0,0
"BEAV_N_01","Beaver","2022-07-07","45°55.536'","74°03.862'","16:40","Minnow_trap","N1","Charles",0,0,0,0,0,0,15,0,0,0,0,0,0,0,0,0,0,0,0,0,0,0,0,0,0,0,0,0,0,0,0,0,0,0
"BEAV_N_02","Beaver","2022-07-07","45°55.441'","74°03.863'","16:27","Minnow_trap","N2","Charles",0,0,0,0,0,0,137,59,0,0,0,0,0,0,0,0,0,0,0,0,0,0,0,4,0,0,0,0,0,0,0,0,0,0
"BEAV_N_03","Beaver","2022-07-07","45°55.431'","74°03.901'","16:29","Minnow_trap","N3","Charles",0,0,0,0,0,0,44,27,0,0,0,0,0,0,0,0,0,0,0,0,0,0,0,1,0,0,0,0,0,0,0,0,0,0
"BEAV_N_04","Beaver","2022-07-07","45°55.475'","74°03.808'","16:24","Minnow_trap","N4","Charles",0,0,0,0,0,0,8,2,0,0,0,0,0,0,0,0,0,0,0,0,0,0,0,0,0,0,0,0,0,0,0,0,0,0
"BEAV_N_05","Beaver","2022-07-07","45°55.454'","74°03.919'","16:33","Minnow_trap","N5","Charles",0,0,0,0,0,0,33,8,0,0,0,0,0,0,0,0,0,0,0,0,0,0,0,0,0,0,0,0,0,0,0,0,0,0
"BEAV_N_06","Beaver","2022-07-07","45°55.462'","74°03.831'","16:25","Minnow_trap","N6","Charles",0,0,0,0,0,0,1,0,0,0,0,0,0,0,0,0,0,0,0,0,0,0,0,0,0,0,0,0,0,0,0,0,0,0
"BEAV_N_07","Beaver","2022-07-07","45°55.518'","74°03.762'","16:19","Minnow_trap","N7","Charles",0,0,0,0,0,0,6,0,0,0,0,0,0,0,0,0,0,0,0,0,0,0,0,0,0,0,0,0,0,0,0,0,0,0
"BEAV_N_09","Beaver","2022-07-07","45°55.423'","74°03.933'","16:31","Minnow_trap","N9",NA,0,0,0,0,0,0,0,0,0,0,0,0,0,0,0,0,0,0,0,0,0,0,0,0,0,0,0,0,0,0,0,0,0,0
"BEAV_N_11","Beaver","2022-07-07","45°55.517'","74°03.882'","16:38","Minnow_trap","N11",NA,0,0,0,0,0,0,0,0,0,0,0,0,0,0,0,0,0,0,0,0,0,0,0,0,0,0,0,0,0,0,0,0,0,0
"BEAV_N_12","Beaver","2022-07-07","45°55.551'","74°03.832'","16:15","Minnow_trap","N12","Charles",0,0,0,0,0,0,160,23,0,0,0,0,0,0,0,0,0,0,0,0,0,0,0,5,0,0,0,0,0,0,0,0,0,0
"BEAV_N_13","Beaver","2022-07-07","45°55.484'","74°03.782'","16:22","Minnow_trap","N13","Charles",0,0,0,0,0,0,113,56,0,0,0,0,0,0,0,0,0,0,0,0,0,0,0,1,0,0,0,0,0,0,0,0,0,0
"BEAV_N_14","Beaver","2022-07-07","45°55.546'","74°03.783'","16:18","Minnow_trap","N14","Charles",0,0,0,0,0,0,128,11,0,0,0,0,0,0,0,0,0,0,0,0,0,0,0,3,0,0,0,0,0,0,0,0,0,0
"BEAV_N_15","Beaver","2022-07-07","45°55.500'","74°03.913'","16:37","Minnow_trap","N15","Charles",0,0,0,0,0,0,108,65,0,0,0,0,0,0,0,0,0,0,0,0,0,0,0,0,0,0,0,0,0,0,0,0,0,0
"BEAV_N_16","Beaver","2022-07-07","45°55.550'","74°03.812'","16:15","Minnow_trap","N16",NA,0,0,0,0,0,0,0,0,0,0,0,0,0,0,0,0,0,0,0,0,0,0,0,0,0,0,0,0,0,0,0,0,0,0
"BEAV_N_17","Beaver","2022-07-07","45°55.483'","74°03.915'","16:36","Minnow_trap","N17",NA,0,0,0,0,0,0,0,0,0,0,0,0,0,0,0,0,0,0,0,0,0,0,0,0,0,0,0,0,0,0,0,0,0,0
"BEAV_S_01","Beaver","2022-07-07","45°55.549'","74°03.790'","14:25","Seine","S1","Juliane",0,0,0,0,0,0,67,25,3,0,0,0,0,0,0,0,0,0,0,0,0,0,0,1,0,0,0,0,0,0,0,0,0,0
"BEAV_S_02","Beaver","2022-07-07","45°55.534'","74°03.869'","15:28","Seine","S1","Juliane",0,0,0,0,0,0,216,140,0,0,0,0,0,0,0,0,0,0,0,0,0,0,0,6,0,0,0,0,0,0,0,0,0,0
"BEAV_S_03","Beaver","2022-07-07","45°55.523'","74°03.876'","19:00","Seine","S1","Charles",0,0,0,0,0,0,184,67,0,0,0,0,0,0,0,0,0,0,0,0,0,0,0,1,0,0,0,0,0,0,0,0,0,0
"BEAV_S_04","Beaver","2022-07-07","45°55.415'","74°03.920'","19:43","Seine","S1","Charles",0,0,0,0,0,0,67,4,0,1,0,0,0,0,0,0,0,0,0,0,0,0,0,1,0,0,0,0,0,0,0,0,0,0
"COEU_N_01","Coeur","2022-07-15","45°58.016'","74°00.315'","16:28","Minnow_trap","N1",NA,0,0,0,0,0,0,0,0,0,0,0,0,0,0,0,0,0,0,0,0,0,0,0,0,0,0,0,0,0,0,0,0,0,0
"COEU_N_02","Coeur","2022-07-15","45°58.072'","74°00.885'","17:01","Minnow_trap","N2","Juliane",0,0,7,0,0,1,0,0,0,0,0,0,0,0,0,0,0,0,0,0,0,0,0,0,0,0,0,0,0,0,0,0,0,0
"COEU_N_03","Coeur","2022-07-15","45°58.221'","74°00.238'","16:13","Minnow_trap","N3",NA,0,0,0,0,0,0,0,0,0,0,0,0,0,0,0,0,0,0,0,0,0,0,0,0,0,0,0,0,0,0,0,0,0,0
"COEU_N_04","Coeur","2022-07-15","45°57.948'","74°00.579'","16:48","Minnow_trap","N4",NA,0,0,0,0,0,0,0,0,0,0,0,0,0,0,0,0,0,0,0,0,0,0,0,0,0,0,0,0,0,0,0,0,0,0
"COEU_N_05","Coeur","2022-07-15","45°58.064'","74°00.805'","16:58","Minnow_trap","N5",NA,0,0,0,0,0,0,0,0,0,0,0,0,0,0,0,0,0,0,0,0,0,0,0,0,0,0,0,0,0,0,0,0,0,0
"COEU_N_06","Coeur","2022-07-15","45°58.008'","74°00.582'","16:51","Minnow_trap","N6","Juliane",0,0,0,0,1,0,0,0,0,0,0,0,0,0,0,0,0,0,0,0,0,0,0,0,0,0,0,0,0,0,0,0,0,0
"COEU_N_07","Coeur","2022-07-15","45°58.195'","74°00.335'","16:15","Minnow_trap","N7",NA,0,0,0,0,0,0,0,0,0,0,0,0,0,0,0,0,0,0,0,0,0,0,0,0,0,0,0,0,0,0,0,0,0,0
"COEU_N_09","Coeur","2022-07-15","45°58.275'","74°00.480'","17:15","Minnow_trap","N9","Juliane",0,0,0,0,1,0,0,0,0,0,0,0,0,0,0,0,0,0,0,0,0,1,0,0,0,0,0,0,0,0,0,0,0,0
"COEU_N_11","Coeur","2022-07-15","45°57.932'","74°00.243'","16:34","Minnow_trap","N11","Juliane",0,0,0,0,1,0,0,0,0,0,0,0,0,0,0,0,0,0,0,0,0,0,0,0,0,0,0,0,0,0,0,0,0,0
"COEU_N_12","Coeur","2022-07-15","45°58.216'","74°00.509'","16:18","Minnow_trap","N12",NA,0,0,0,0,0,0,0,0,0,0,0,0,0,0,0,0,0,0,0,0,0,0,0,0,0,0,0,0,0,0,0,0,0,0
"COEU_N_13","Coeur","2022-07-15","45°57.941'","74°00.449'","16:39","Minnow_trap","N13",NA,0,0,0,0,0,0,0,0,0,0,0,0,0,0,0,0,0,0,0,0,0,0,0,0,0,0,0,0,0,0,0,0,0,0
"COEU_N_14","Coeur","2022-07-15","45°58.285'","74°00.344'","17:58","Minnow_trap","N14","Juliane",0,0,0,0,2,0,0,0,0,0,0,0,0,0,0,0,0,0,0,0,0,2,0,0,0,0,0,0,0,0,0,0,0,0
"COEU_N_15","Coeur","2022-07-15","45°58.082'","74°00.762'","17:06","Minnow_trap","N15",NA,0,0,0,0,0,0,0,0,0,0,0,0,0,0,0,0,0,0,0,0,0,0,0,0,0,0,0,0,0,0,0,0,0,0
"COEU_N_16","Coeur","2022-07-15","45°58.045'","74°00.483'","16:24","Minnow_trap","N16",NA,0,0,0,0,0,0,0,0,0,0,0,0,0,0,0,0,0,0,0,0,0,0,0,0,0,0,0,0,0,0,0,0,0,0
"COEU_N_17","Coeur","2022-07-15","45°57.832'","74°00.565'","16:44","Minnow_trap","N17",NA,0,0,0,0,0,0,0,0,0,0,0,0,0,0,0,0,0,0,0,0,0,0,0,0,0,0,0,0,0,0,0,0,0,0
"COEU_S_01","Coeur","2022-07-15","45°58.216'","74°00.690'","14:10","Seine","S1",NA,0,0,0,0,0,0,0,0,0,0,0,0,0,0,0,0,0,0,0,0,0,0,0,0,0,0,0,0,0,0,0,0,0,0
"COEU_S_02","Coeur","2022-07-15","45°58.133'","74°00.998'","14:45","Seine","S1","Juliane",0,0,0,0,10,0,0,0,0,0,0,0,0,0,0,0,0,0,0,0,0,10,0,0,0,0,0,0,0,0,0,0,0,0
"COEU_S_03","Coeur","2022-07-15","45°58.143'","74°00.833'","15:05","Seine","S1","Charles",0,0,0,0,57,62,0,0,0,0,0,0,0,0,0,0,0,0,0,0,0,56,10,0,0,0,0,0,0,0,0,0,0,0
"COEU_S_04","Coeur","2022-07-15","45°58.099'","74°01.125'","15:35","Seine","S1","Juliane",0,0,1,0,0,0,0,0,0,0,0,0,0,0,0,0,0,0,0,0,0,0,0,0,0,0,0,0,0,0,0,0,0,0
"COEU_S_05","Coeur","2022-07-15","45°58.266'","74°00.217'","16:00","Seine","S1","Charles",0,0,1,0,4,0,0,0,0,0,0,0,0,0,0,0,0,0,0,1,0,4,0,0,0,0,0,0,0,0,0,0,0,0
"COEU_S_06","Coeur","2022-07-15","45°58.260'","74°00.212'","17:24","Seine","S1","Charles",0,0,0,0,36,9,0,0,0,0,0,0,0,0,0,0,0,0,0,0,0,34,2,0,0,0,0,0,0,0,0,0,0,0
"CORN_N_01","Cornu","2022-06-28","45°53.134'","74°00.336'","16:26","Minnow_trap","N1","Charles",0,0,1,0,7,0,0,0,0,0,2,0,0,0,0,0,0,0,0,0,0,5,0,0,0,0,0,0,0,0,0,0,0,0
"CORN_N_02","Cornu","2022-06-28","45°52.866'","73°59.871'","16:48","Minnow_trap","N2",NA,0,0,0,0,0,0,0,0,0,0,0,0,0,0,0,0,0,0,0,0,0,0,0,0,0,0,0,0,0,0,0,0,0,0
"CORN_N_03","Cornu","2022-06-28","45°52.931'","74°00.130'","16:14","Minnow_trap","N3",NA,0,0,0,0,0,0,0,0,0,0,0,0,0,0,0,0,0,0,0,0,0,0,0,0,0,0,0,0,0,0,0,0,0,0
"CORN_N_04","Cornu","2022-06-28","45°53.074'","73°59.806'","16:43","Minnow_trap","N4",NA,0,0,0,0,0,0,0,0,0,0,0,0,0,0,0,0,0,0,0,0,0,0,0,0,0,0,0,0,0,0,0,0,0,0
"CORN_N_05","Cornu","2022-06-28","45°52.777'","73°59.954'","16:55","Minnow_trap","N5",NA,0,0,0,0,0,0,0,0,0,0,0,0,0,0,0,0,0,0,0,0,0,0,0,0,0,0,0,0,0,0,0,0,0,0
"CORN_N_06","Cornu","2022-06-28","45°53.071'","74°00.302'","16:20","Minnow_trap","N6",NA,0,0,0,0,0,0,0,0,0,0,0,0,0,0,0,0,0,0,0,0,0,0,0,0,0,0,0,0,0,0,0,0,0,0
"CORN_N_07","Cornu","2022-06-28","45°52.978'","73°59.873'","16:45","Minnow_trap","N7",NA,0,0,0,0,0,0,0,0,0,0,0,0,0,0,0,0,0,0,0,0,0,0,0,0,0,0,0,0,0,0,0,0,0,0
"CORN_N_09","Cornu","2022-06-28","45°53.049'","73°59.928'","16:40","Minnow_trap","N9","Charles",0,0,1,0,0,0,0,0,0,0,0,0,0,0,0,0,0,0,0,0,0,0,0,0,0,0,0,0,0,0,0,0,0,0
"CORN_N_11","Cornu","2022-06-28","45°52.954'","74°00.037'","16:35","Minnow_trap","N11","Charles",0,0,0,0,2,0,0,0,0,0,0,0,0,0,0,0,0,0,0,0,0,2,0,0,0,0,0,0,0,0,0,0,0,0
"CORN_N_12","Cornu","2022-06-28","45°52.791'","73°59.869'","16:53","Minnow_trap","N12",NA,0,0,0,0,0,0,0,0,0,0,0,0,0,0,0,0,0,0,0,0,0,0,0,0,0,0,0,0,0,0,0,0,0,0
"CORN_N_13","Cornu","2022-06-28","45°53.040'","74°00.124'","16:31","Minnow_trap","N13",NA,0,0,0,0,0,0,0,0,0,0,0,0,0,0,0,0,0,0,0,0,0,0,0,0,0,0,0,0,0,0,0,0,0,0
"CORN_N_14","Cornu","2022-06-28","45°52.805'","74°00.140'","16:06","Minnow_trap","N14",NA,0,0,0,0,0,0,0,0,0,0,0,0,0,0,0,0,0,0,0,0,0,0,0,0,0,0,0,0,0,0,0,0,0,0
"CORN_N_15","Cornu","2022-06-28","45°52.830'","73°59.817'","16:50","Minnow_trap","N15",NA,0,0,0,0,0,0,0,0,0,0,0,0,0,0,0,0,0,0,0,0,0,0,0,0,0,0,0,0,0,0,0,0,0,0
"CORN_N_16","Cornu","2022-06-28","45°52.798'","74°00.215'","16:08","Minnow_trap","N16",NA,0,0,0,0,0,0,0,0,0,0,0,0,0,0,0,0,0,0,0,0,0,0,0,0,0,0,0,0,0,0,0,0,0,0
"CORN_N_17","Cornu","2022-06-28","45°53.087'","74°00.336'","16:23","Minnow_trap","N17",NA,0,0,0,0,0,0,0,0,0,0,0,0,0,0,0,0,0,0,0,0,0,0,0,0,0,0,0,0,0,0,0,0,0,0
"CORN_S_01","Cornu","2022-06-28","45°52.800'","74°00.201'","13:00","Seine","S1","Charles",0,0,0,0,4,0,0,0,0,0,0,0,0,0,0,0,0,0,0,0,0,3,0,0,0,0,0,0,0,0,0,0,0,0
"CORN_S_02","Cornu","2022-06-28","45°52.809'","74°00.216'","15:20","Seine","S1","Juliane",0,0,1,0,2,0,0,0,0,0,0,0,0,0,0,0,0,0,0,1,0,2,0,0,0,0,0,0,0,0,0,0,0,0
"CORN_S_03","Cornu","2022-06-28","45°53.071'","73°59.794'","18:10","Seine","S1","Lea",0,0,0,0,2,0,0,0,0,0,0,0,0,0,0,0,0,0,0,0,0,2,0,0,0,0,0,0,0,0,0,0,0,0
"CORN_S_04","Cornu","2022-06-28","45°53.065'","73°59.760'","18:40","Seine","S1","Juliane",0,0,0,0,5,0,0,0,0,0,0,0,0,0,0,0,0,0,0,0,0,5,0,0,0,0,0,0,0,0,0,0,0,0
"CORR_N_01","Corriveau","2022-06-15","45°58.677'","74°00.084'","15:10","Minnow_trap","N1","Juliane",0,0,0,0,3,0,0,0,0,0,1,0,0,0,0,0,0,0,0,0,0,3,0,0,0,0,0,0,0,0,0,0,0,0
"CORR_N_02","Corriveau","2022-06-15","45°58.598'","73°59.954'","15:24","Minnow_trap","N2","Juliane",0,0,0,0,2,0,0,2,0,0,4,1,0,0,0,0,0,0,0,0,0,2,0,0,0,0,0,0,0,0,0,0,0,0
"CORR_N_03","Corriveau","2022-06-15","45°58.710'","73°59.984'","15:00","Minnow_trap","N3","Juliane",0,0,0,0,15,0,0,0,0,0,15,11,0,0,0,0,0,0,0,0,0,8,0,0,0,0,0,1,0,0,0,0,0,0
"CORR_N_04","Corriveau","2022-06-15","45°58.661'","74°00.123'","15:12","Minnow_trap","N4","Juliane",0,0,0,0,3,0,0,0,0,0,31,0,0,0,0,0,0,0,0,0,0,3,0,0,0,0,0,1,0,0,0,0,0,0
"CORR_N_05","Corriveau","2022-06-15","45°58.597'","74°00.015'","15:22","Minnow_trap","N5",NA,0,0,0,0,0,0,0,0,0,0,0,0,0,0,0,0,0,0,0,0,0,0,0,0,0,0,0,0,0,0,0,0,0,0
"CORR_N_06","Corriveau","2022-06-15","45°58.606'","74°00.121'","15:19","Minnow_trap","N6","Juliane",0,0,0,0,1,0,0,0,0,0,3,2,0,0,0,0,0,0,0,0,0,1,0,0,0,0,0,0,0,0,0,0,0,0
"CORR_N_07","Corriveau","2022-06-15","45°58.687'","74°00.040'","15:07","Minnow_trap","N7",NA,0,0,0,0,0,0,0,0,0,0,0,0,0,0,0,0,0,0,0,0,0,0,0,0,0,0,0,0,0,0,0,0,0,0
"CORR_N_08","Corriveau","2022-06-15","45°58.613'","74°00.152'","15:17","Minnow_trap","N8","Juliane",0,0,0,0,17,0,0,0,0,0,7,0,1,0,0,0,0,0,0,0,0,17,0,0,0,0,0,0,0,0,0,0,0,0
"CORR_N_09","Corriveau","2022-06-15","45°58.702'","74°00.011'","15:03","Minnow_trap","N9","Juliane",0,0,0,0,16,0,0,0,0,0,1,0,0,0,0,0,0,0,0,0,0,16,0,0,0,0,0,0,0,0,0,0,0,0
"CORR_N_10","Corriveau","2022-06-15","45°58.597'","74°00.053'","15:21","Minnow_trap","N10","Juliane",0,0,0,0,19,0,0,0,0,0,12,0,0,0,0,0,0,0,0,0,0,19,0,0,0,0,0,0,0,0,0,0,0,0
"CORR_N_11","Corriveau","2022-06-15","45°58.695'","74°00.021'","15:05","Minnow_trap","N11","Juliane",0,0,0,0,10,0,0,0,0,0,1,0,0,0,0,0,0,0,0,0,0,10,0,0,0,0,0,0,0,0,0,0,0,0
"CORR_N_12","Corriveau","2022-06-15","45°58.650'","74°00.173'","15:15","Minnow_trap","N12","Juliane",0,0,0,0,4,0,0,0,0,0,6,0,0,0,0,0,0,0,0,0,0,4,0,0,0,0,0,0,0,0,0,0,0,0
"CORR_N_13","Corriveau","2022-06-15","45°58.669'","73°59.938'","15:30","Minnow_trap","N13","Juliane",0,0,0,0,10,0,0,0,0,0,9,0,0,0,0,0,0,0,0,0,0,10,0,0,0,0,0,0,0,0,0,0,0,0
"CORR_N_14","Corriveau","2022-06-15","45°58.624'","74°00.182'","15:16","Minnow_trap","N14","Juliane",0,0,0,0,8,0,0,0,0,0,33,1,0,0,0,0,0,0,0,0,0,8,0,0,0,0,0,0,0,0,0,0,0,0
"CORR_N_15","Corriveau","2022-06-15","45°58.626'","73°59.965'","15:26","Minnow_trap","N15","Juliane",0,0,0,0,0,0,0,1,0,0,29,3,1,0,0,0,0,0,0,0,0,0,0,0,0,0,0,0,0,0,0,0,0,0
"CORR_S_01","Corriveau","2022-06-15","45°58.720'","73°59.952'","10:00","Seine","S1","Charles",0,0,0,0,2,0,0,0,0,0,3,263,0,0,0,0,0,0,0,0,0,2,0,0,0,0,0,0,0,0,0,0,0,0
"CORR_S_02","Corriveau","2022-06-15","45°58.696'","74°00.027'","11:00","Seine","S1","Charles",0,0,0,0,16,0,0,0,0,0,6,36,0,2,0,0,0,0,0,0,0,16,0,0,0,0,0,3,0,0,0,0,0,0
"CORR_S_03","Corriveau","2022-06-15","45°58.622' ","73°59.959'","13:32","Seine","S1","Charles",0,0,0,0,8,0,0,0,0,0,0,1,0,0,0,0,0,0,0,0,0,6,0,0,0,0,0,0,0,0,0,0,0,0
"CORR_S_04","Corriveau","2022-06-15","45°58.650'","74°00.185'","13:50","Seine","S1","Charles",0,0,0,0,4,0,0,0,0,1,2,45,0,0,0,0,0,0,0,0,0,4,0,0,0,0,0,0,0,0,0,0,0,0
"CROC_N_01","Croche","2022-07-22","45°59.562'","74°00.618'","17:15","Minnow_trap","N1","Lea",0,0,0,0,1,0,0,0,0,0,4,0,0,0,0,0,0,0,0,0,0,1,0,0,0,0,0,0,0,0,0,0,0,0
"CROC_N_02","Croche","2022-07-22","45°59.502'","74°00.630'","17:30","Minnow_trap","N2","Lea",0,0,0,0,4,0,3,0,0,0,24,0,0,0,0,0,0,0,0,0,0,3,0,0,0,0,0,2,0,0,0,0,0,0
"CROC_N_03","Croche","2022-07-22","45°59.403'","74°00.416'","16:57","Minnow_trap","N3","Lea",0,0,0,0,0,0,0,0,0,0,7,0,0,0,0,0,0,0,0,0,0,0,0,0,0,0,0,2,0,0,0,0,0,0
"CROC_N_04","Croche","2022-07-22","45°59.407'","74°00.293'","16:43","Minnow_trap","N4","Lea",0,0,0,0,0,0,0,0,0,0,24,0,0,0,0,0,0,0,0,0,0,0,0,0,0,0,0,0,0,0,0,0,0,0
"CROC_N_05","Croche","2022-07-22","45°59.545'","74°00.553'","16:40","Minnow_trap","N5","Lea",0,0,0,0,1,0,0,0,0,0,27,0,0,0,0,0,0,0,0,0,0,1,0,0,0,0,0,0,0,0,0,0,0,0
"CROC_N_06","Croche","2022-07-22","45°59.456'","74°00.745'","17:27","Minnow_trap","N6",NA,0,0,0,0,0,0,0,0,0,0,0,0,0,0,0,0,0,0,0,0,0,0,0,0,0,0,0,0,0,0,0,0,0,0
"CROC_N_07","Croche","2022-07-22","45°59.568'","74°00.865'","17:21","Minnow_trap","N7","Lea",0,0,0,0,2,0,0,0,0,0,12,0,1,0,0,0,0,0,0,0,0,2,0,0,0,0,0,0,0,0,0,0,0,0
"CROC_N_09","Croche","2022-07-22","45°59.367'","74°00.372'","17:48","Minnow_trap","N9","Lea",0,0,0,0,0,0,0,0,0,0,8,0,0,0,0,0,0,0,0,0,0,0,0,0,0,0,0,0,0,0,0,0,0,0
"CROC_N_11","Croche","2022-07-22","45°59.623'","74°00.512'","17:13","Minnow_trap","N11","Lea",0,0,0,0,2,0,0,0,0,0,9,0,0,0,0,0,0,0,0,0,0,1,0,0,0,0,0,0,0,0,0,0,0,0
"CROC_N_12","Croche","2022-07-22","45°59.662'","74°00.430'","17:08","Minnow_trap","N12","Lea",0,0,0,0,0,0,2,0,0,0,8,0,0,0,0,0,0,0,0,0,0,0,0,0,0,0,0,0,0,0,0,0,0,0
"CROC_N_13","Croche","2022-07-22","45°59.445'","74°00.377'","17:00","Minnow_trap","N13","Lea",0,0,0,0,1,0,0,0,0,0,11,0,0,0,0,0,0,0,0,0,0,0,0,0,0,0,0,1,0,0,0,0,0,0
"CROC_N_14","Croche","2022-07-22","45°59.559'","74°00.321'","17:36","Minnow_trap","N14","Lea",0,0,0,0,0,0,0,0,0,0,26,0,0,0,0,0,0,0,0,0,0,0,0,0,0,0,0,0,0,0,0,0,0,0
"CROC_N_15","Croche","2022-07-22","45°59.450'","74°00.830'","17:25","Minnow_trap","N15","Lea",0,0,0,0,4,0,0,0,0,0,0,0,0,0,0,0,0,0,0,0,0,4,0,0,0,0,0,0,0,0,0,0,0,0
"CROC_N_16","Croche","2022-07-22","45°59.504'","74°00.269'","17:38","Minnow_trap","N16","Lea",0,0,0,0,2,0,0,0,0,0,1,0,0,0,0,0,0,0,0,0,0,2,0,0,0,0,0,1,0,0,0,0,0,0
"CROC_N_17","Croche","2022-07-22","45°59.583'","74°00.434'","17:04","Minnow_trap","N17","Lea",0,0,0,0,0,0,0,0,0,0,3,0,4,0,0,0,0,0,0,0,0,0,0,0,0,0,0,0,0,0,0,0,0,0
"CROC_S_01","Croche","2022-07-22","45°59.410'","74°00.308'","13:39","Seine","S1","Lea",0,0,0,0,23,0,0,0,0,0,0,0,0,0,0,0,0,0,0,0,0,13,0,0,0,0,0,0,0,0,0,0,0,0
"CROC_S_02","Croche","2022-07-22","45°59.553'","74°00.238'","14:15","Seine","S1","Lea",0,0,0,0,2,0,0,1,0,0,1,0,0,0,0,0,0,0,0,0,0,1,0,0,0,0,0,0,0,0,0,0,0,0
"CROC_S_04","Croche","2022-07-22","45°59.673'","74°00.448'","15:10","Seine","S1","Lea",0,0,0,0,1,0,0,0,0,0,3,0,0,0,0,0,0,0,0,0,0,1,0,0,0,0,0,0,0,0,0,0,0,0
"CROC_S_05","Croche","2022-07-22","45°59.545'","74°00.541'","16:08","Seine","S1","Lea",0,0,0,0,47,0,0,12,0,0,0,0,0,0,0,0,0,0,0,0,0,15,0,0,0,0,0,0,0,0,0,0,0,0
"CROM_N_01","Cromwell","2022-06-27","45°59.300'","74°00.107'","16:08","Minnow_trap","N1","Lea",0,0,0,0,1,0,0,0,0,0,0,1,2,0,0,0,0,0,0,0,0,1,0,0,0,0,0,0,0,0,0,0,0,0
"CROM_N_02","Cromwell","2022-06-27","45°59.284'","74°00.056'","16:12","Minnow_trap","N2","Lea",0,0,0,0,0,0,0,0,0,0,0,0,6,0,0,0,0,0,0,0,0,0,0,0,0,0,0,0,0,0,0,0,0,0
"CROM_N_03","Cromwell","2022-06-27","45°59.379'","73°59.960'","16:34","Minnow_trap","N3",NA,0,0,0,0,0,0,0,0,0,0,0,0,0,0,0,0,0,0,0,0,0,0,0,0,0,0,0,0,0,0,0,0,0,0
"CROM_N_04","Cromwell","2022-06-27","45°59.390'","73°59.881'","16:32","Minnow_trap","N4","Lea",0,0,0,0,0,0,0,0,0,0,0,0,4,0,0,0,0,0,0,0,0,0,0,0,0,0,0,0,0,0,0,0,0,0
"CROM_N_05","Cromwell","2022-06-27","45°59.348'","74°00.071'","16:38","Minnow_trap","N5","Lea",0,0,0,0,1,0,0,0,0,0,0,0,0,0,0,0,0,0,0,0,0,1,0,0,0,0,0,0,0,0,0,0,0,0
"CROM_N_06","Cromwell","2022-06-27","45°59.298'","73°59.946'","16:16","Minnow_trap","N6","Lea",0,0,0,0,1,0,0,0,0,0,0,0,0,0,0,0,0,0,0,0,0,1,0,0,0,0,0,0,0,0,0,0,0,0
"CROM_N_07","Cromwell","2022-06-27","45°59.368'","74°00.005'","16:37","Minnow_trap","N7",NA,0,0,0,0,0,0,0,0,0,0,0,0,0,0,0,0,0,0,0,0,0,0,0,0,0,0,0,0,0,0,0,0,0,0
"CROM_N_09","Cromwell","2022-06-27","45°59.392'","73°59.847'","16:31","Minnow_trap","N9","Lea",0,0,0,0,3,0,0,0,0,0,0,0,0,0,0,0,0,0,0,0,0,3,0,0,0,0,0,0,0,0,0,0,0,0
"CROM_N_11","Cromwell","2022-06-27","45°59.306'","73°59.793'","16:19","Minnow_trap","N11","Lea",0,0,0,0,9,0,0,0,0,0,0,0,0,0,0,0,0,0,0,0,0,9,0,0,0,0,0,0,0,0,0,0,0,0
"CROM_N_12","Cromwell","2022-06-27","45°59.381'","73°59.919'","16:33","Minnow_trap","N12","Lea",0,0,0,0,0,0,0,0,0,0,0,0,1,0,0,0,0,0,0,0,0,0,0,0,0,0,0,0,0,0,0,0,0,0
"CROM_N_13","Cromwell","2022-06-27","45°59.307'","73°59.753'","16:26","Minnow_trap","N13",NA,0,0,0,0,0,0,0,0,0,0,0,0,0,0,0,0,0,0,0,0,0,0,0,0,0,0,0,0,0,0,0,0,0,0
"CROM_N_14","Cromwell","2022-06-27","45°59.320'","73°59.854'","16:17","Minnow_trap","N14","Lea",0,0,0,0,7,0,0,0,0,0,0,0,0,0,0,0,0,0,0,0,0,7,0,0,0,0,0,0,0,0,0,0,0,0
"CROM_N_15","Cromwell","2022-06-27","45°59.284'","74°00.009'","16:13","Minnow_trap","N15","Lea",0,0,0,0,3,0,0,0,0,0,0,0,0,0,0,0,0,0,0,0,0,3,0,0,0,0,0,0,0,0,0,0,0,0
"CROM_N_16","Cromwell","2022-06-27","45°59.265'","73°59.763'","16:23","Minnow_trap","N16","Lea",0,0,0,0,6,0,0,0,0,0,0,0,0,0,0,0,0,0,0,0,0,6,0,0,0,0,0,0,0,0,0,0,0,0
"CROM_N_17","Cromwell","2022-06-27","45°59.326'","74°00.094'","16:06","Minnow_trap","N17","Lea",0,0,0,0,1,0,0,0,0,0,0,0,0,0,0,0,0,0,0,0,0,1,0,0,0,0,0,0,0,0,0,0,0,0
"CROM_S_01","Cromwell","2022-06-27","45°59.297'","73°59.742'","14:35","Seine","S1","Juliane",0,0,0,0,13,0,0,0,0,0,4,25,0,0,0,0,0,0,0,0,0,12,0,0,0,0,0,0,0,0,0,0,0,0
"CROM_S_02","Cromwell","2022-06-27","45°59.250'","73°59.784'","15:15","Seine","S1","Charles",0,0,0,0,8,0,0,1,0,0,1,1,0,0,0,0,0,0,0,0,0,6,0,0,0,0,0,0,0,0,0,0,0,0
"CROM_S_03","Cromwell","2022-06-27","45°59.404'","73°59.816'","15:45","Seine","S1","Juliane",0,0,0,0,3,0,0,0,0,0,8,38,0,0,0,0,0,0,0,0,0,2,0,0,0,0,0,0,0,0,0,0,0,0
"CROM_S_04","Cromwell","2022-06-27","45°59.277'","74°00.033'","16:58","Seine","S1","Lea",0,0,0,0,6,0,0,0,0,0,5,4,0,0,0,0,0,0,0,0,0,5,0,0,0,0,0,0,0,0,0,0,0,0
"CROM_S_05","Cromwell","2022-06-27","45°59.302'","73°59.902'","19:42","Seine","S1","Juliane",0,0,0,0,18,0,0,0,0,0,3,0,0,0,0,0,0,0,0,0,0,18,0,0,0,0,0,0,0,0,0,0,0,0
"ECHO_N_01","Echo","2022-07-19","45°53.625'","74°01.573'","18:04","Minnow_trap","N1","Lea",1,0,0,0,5,0,0,0,0,0,0,0,0,0,1,0,0,0,0,0,0,3,0,0,0,0,0,0,0,0,0,0,0,0
"ECHO_N_02","Echo","2022-07-19","45°53.565'","74°01.498'","16:26","Minnow_trap","N2","Lea",0,0,0,0,1,0,0,0,0,0,0,0,0,0,0,0,0,0,0,0,0,1,0,0,0,0,0,0,0,0,0,0,0,0
"ECHO_N_03","Echo","2022-07-19","45°52.950'","74°00.858'","16:48","Minnow_trap","N3",NA,0,0,0,0,0,0,0,0,0,0,0,0,0,0,0,0,0,0,0,0,0,0,0,0,0,0,0,0,0,0,0,0,0,0
"ECHO_N_04","Echo","2022-07-19","45°53.637'","74°01.934'","17:51","Minnow_trap","N4","Lea",0,0,0,0,3,0,0,0,0,0,0,0,0,0,0,0,0,0,0,0,0,2,0,0,0,0,0,0,0,0,0,0,0,0
"ECHO_N_05","Echo","2022-07-19","45°52.733'","74°01.062'","16:59","Minnow_trap","N5",NA,0,0,0,0,0,0,0,0,0,0,0,0,0,0,0,0,0,0,0,0,0,0,0,0,0,0,0,0,0,0,0,0,0,0
"ECHO_N_06","Echo","2022-07-19","45°52.853'","74°01.010'","16:56","Minnow_trap","N6","Lea",2,0,0,0,0,0,0,0,0,0,0,0,0,0,0,0,0,0,0,0,0,0,0,0,0,0,0,0,0,0,0,0,0,0
"ECHO_N_07","Echo","2022-07-19","45°53.738'","74°01.764'","16:57","Minnow_trap","N7","Lea",1,0,0,0,4,0,0,0,0,0,0,0,0,0,0,0,0,0,0,0,0,2,0,0,0,0,0,0,0,0,0,0,0,0
"ECHO_N_09","Echo","2022-07-19","45°53.307'","74°01.829'","17:33","Minnow_trap","N9","Lea",0,0,0,0,2,0,0,0,0,0,0,0,0,0,0,0,0,0,0,0,0,2,0,0,0,0,0,0,0,0,0,0,0,0
"ECHO_N_11","Echo","2022-07-19","45°53.491'","74°01.929'","17:44","Minnow_trap","N11","Lea",0,0,0,0,1,1,0,0,0,0,0,0,0,0,0,0,0,0,0,0,0,1,1,0,0,0,0,0,0,0,0,0,0,0
"ECHO_N_12","Echo","2022-07-19","45°52.962'","74°01.608'","17:23","Minnow_trap","N12","Lea",0,0,0,0,3,0,0,0,0,0,0,0,0,0,0,0,0,0,0,0,0,0,0,0,0,0,0,0,0,0,0,0,0,0
"ECHO_N_13","Echo","2022-07-19","45°53.429'","74°01.939'","17:40","Minnow_trap","N13","Lea",0,0,0,0,14,0,0,0,0,0,0,0,0,0,0,0,0,0,0,0,0,8,0,0,0,0,0,0,0,0,0,0,0,0
"ECHO_N_14","Echo","2022-07-19","45°53.025'","74°01.609'","17:24","Minnow_trap","N14",NA,0,0,0,0,0,0,0,0,0,0,0,0,0,0,0,0,0,0,0,0,0,0,0,0,0,0,0,0,0,0,0,0,0,0
"ECHO_N_15","Echo","2022-07-19","45°53.514'","74°01.963'","17:47","Minnow_trap","N15","Lea",2,0,0,0,0,0,0,0,0,0,0,0,0,0,0,0,0,0,0,0,0,0,0,0,0,0,0,0,0,0,0,0,0,0
"ECHO_N_16","Echo","2022-07-19","45°52.836'","74°01.670'","17:16","Minnow_trap","N16","Lea",0,0,0,0,9,1,0,0,0,0,0,0,0,0,0,0,0,0,0,0,0,9,1,0,0,0,0,0,0,0,0,0,0,0
"ECHO_N_17","Echo","2022-07-19","45°53.249'","74°00.984'","16:38","Minnow_trap","N17",NA,0,0,0,0,0,0,0,0,0,0,0,0,0,0,0,0,0,0,0,0,0,0,0,0,0,0,0,0,0,0,0,0,0,0
"ECHO_S_01","Echo","2022-07-19","45°53.447'","74°01.606'","14:00","Seine","S1","Lea",0,0,2,0,0,0,0,0,2,0,0,0,0,0,0,0,0,0,0,0,0,0,0,0,0,0,0,0,0,0,0,0,0,0
"ECHO_S_02","Echo","2022-07-19","45°53.325'","74°01.656'","14:23","Seine","S1","Juliane",0,0,0,0,2,0,0,0,8,0,0,0,0,0,0,0,0,0,0,0,0,2,0,0,0,1,0,0,0,0,0,0,0,0
"ECHO_S_03","Echo","2022-07-19","45°52.904'","74°01.515'","15:10","Seine","S1","Lea",0,0,0,0,13,4,0,0,115,0,0,0,0,0,0,0,0,0,0,0,0,13,4,0,0,3,0,0,0,0,0,0,0,0
"ECHO_S_04","Echo","2022-07-19","45°53.110'","74°01.090'","15:53","Seine","S1","Lea",0,0,0,0,17,1,0,0,7,0,0,0,0,0,0,0,0,0,0,0,0,17,1,0,0,0,0,0,0,0,0,0,0,0
"ECHO_S_05","Echo","2022-07-19","45°53.675'","74°01.608'","18:50","Seine","S1","Charles",0,0,0,0,31,0,0,0,195,0,0,0,0,1,0,1,0,0,0,0,0,15,0,0,0,1,0,0,0,0,0,0,0,0
"ECHO_S_06","Echo","2022-07-19","45°53.624'","74°01.574'","19:30","Seine","S1","Charles",4,0,0,0,31,1,0,0,10,0,0,0,0,0,0,0,0,2,0,0,0,22,1,0,0,0,0,0,0,0,0,0,0,0
"ECHO_S_07","Echo","2022-07-19","45°53.627'","74°01.574'","19:47","Seine","S1","Juliane",0,0,0,0,12,4,0,0,3,0,0,0,0,0,0,0,0,0,0,0,0,10,3,0,0,1,0,0,0,0,0,0,0,0
"FOUR_N_01","Fournelle","2022-07-14","45°54.833'","74°02.553'","16:33","Minnow_trap","N1",NA,0,0,0,0,0,0,0,0,0,0,0,0,0,0,0,0,0,0,0,0,0,0,0,0,0,0,0,0,0,0,0,0,0,0
"FOUR_N_02","Fournelle","2022-07-14","45°54.754'","74°02.216'","16:21","Minnow_trap","N2",NA,0,0,0,0,0,0,0,0,0,0,0,0,0,0,0,0,0,0,0,0,0,0,0,0,0,0,0,0,0,0,0,0,0,0
"FOUR_N_03","Fournelle","2022-07-14","45°54.854'","74°02.287'","16:13","Minnow_trap","N3",NA,0,0,0,0,0,0,0,0,0,0,0,0,0,0,0,0,0,0,0,0,0,0,0,0,0,0,0,0,0,0,0,0,0,0
"FOUR_N_04","Fournelle","2022-07-14","45°54.780'","74°02.307'","16:24","Minnow_trap","N4","Juliane",0,0,2,0,0,0,0,0,0,0,0,0,0,0,0,0,0,0,0,0,0,0,0,0,0,0,0,0,0,0,0,0,0,0
"FOUR_N_05","Fournelle","2022-07-14","45°54.954'","74°02.562'","16:46","Minnow_trap","N5","Juliane",0,0,0,0,1,0,0,0,0,0,0,0,0,0,0,0,0,0,0,0,0,1,0,0,0,0,0,0,0,0,0,0,0,0
"FOUR_N_06","Fournelle","2022-07-14","45°54.922'","74°02.587'","16:45","Minnow_trap","N6","Juliane",0,0,0,0,4,0,0,0,0,0,0,0,0,0,0,0,0,0,0,0,0,4,0,0,0,0,0,0,0,0,0,0,0,0
"FOUR_N_07","Fournelle","2022-07-14","45°54.863'","74°02.752'","16:40","Minnow_trap","N7",NA,0,0,0,0,0,0,0,0,0,0,0,0,0,0,0,0,0,0,0,0,0,0,0,0,0,0,0,0,0,0,0,0,0,0
"FOUR_N_09","Fournelle","2022-07-14","45°54.910'","74°02.308'","16:53","Minnow_trap","N9","Juliane",0,0,0,0,1,0,0,0,0,0,0,0,0,0,0,0,0,0,0,0,0,1,0,0,0,0,0,0,0,0,0,0,0,0
"FOUR_N_11","Fournelle","2022-07-14","45°54.831'","74°02.399'","16:28","Minnow_trap","N11",NA,0,0,0,0,0,0,0,0,0,0,0,0,0,0,0,0,0,0,0,0,0,0,0,0,0,0,0,0,0,0,0,0,0,0
"FOUR_N_12","Fournelle","2022-07-14","45°54.779'","74°02.166'","16:19","Minnow_trap","N12","Juliane",0,0,3,0,0,0,0,0,0,0,0,0,0,0,0,0,0,0,0,0,0,0,0,0,0,0,0,0,0,0,0,0,0,0
"FOUR_N_13","Fournelle","2022-07-14","45°54.942'","74°02.428'","16:50","Minnow_trap","N13",NA,0,0,0,0,0,0,0,0,0,0,0,0,0,0,0,0,0,0,0,0,0,0,0,0,0,0,0,0,0,0,0,0,0,0
"FOUR_N_14","Fournelle","2022-07-14","45°54.941'","74°02.366'","16:31","Minnow_trap","N14","Juliane",0,0,0,0,1,0,0,0,0,0,0,0,0,0,0,0,0,0,0,0,0,1,0,0,0,0,0,0,0,0,0,0,0,0
"FOUR_N_15","Fournelle","2022-07-14","45°54.901'","74°02.698'","16:43","Minnow_trap","N15",NA,0,0,0,0,0,0,0,0,0,0,0,0,0,0,0,0,0,0,0,0,0,0,0,0,0,0,0,0,0,0,0,0,0,0
"FOUR_N_16","Fournelle","2022-07-14","45°54.811'","74°02.263'","16:15","Minnow_trap","N16",NA,0,0,0,0,0,0,0,0,0,0,0,0,0,0,0,0,0,0,0,0,0,0,0,0,0,0,0,0,0,0,0,0,0,0
"FOUR_N_17","Fournelle","2022-07-14","45°54.794'","74°02.346'","16:25","Minnow_trap","N17",NA,0,0,0,0,0,0,0,0,0,0,0,0,0,0,0,0,0,0,0,0,0,0,0,0,0,0,0,0,0,0,0,0,0,0
"FOUR_S_01","Fournelle","2022-07-14","45°54.901'","74°02.295'","13:55","Seine","S1","Juliane",0,0,0,0,6,0,0,0,0,0,0,0,0,0,0,0,0,0,0,0,0,6,0,0,0,0,0,0,0,0,0,0,0,0
"FOUR_S_02","Fournelle","2022-07-14","45°54.782'","74°02.658'","14:58","Seine","S1","Charles",0,0,0,0,4,0,0,0,0,0,0,0,0,0,0,0,0,0,0,0,0,4,0,0,0,0,0,0,0,0,0,0,0,0
"FOUR_S_03","Fournelle","2022-07-14","45°54.777'","74°02.657'","15:10","Seine","S1","Charles",0,0,0,0,1,0,0,0,0,0,0,0,0,0,0,0,0,0,0,0,0,1,0,0,0,0,0,0,0,0,0,0,0,0
"FOUR_S_04","Fournelle","2022-07-14","45°54.882'","74°02.292'","16:05","Seine","S1","Juliane",0,0,1,0,23,0,0,0,0,0,1,0,0,0,0,0,0,0,0,0,0,21,0,0,0,0,0,1,0,0,0,0,0,0
"FOUR_S_05","Fournelle","2022-07-14","45°54.876'","74°02.293'","17:00","Seine","S1","Charles",2,0,8,0,19,0,0,0,0,0,0,0,0,0,0,0,0,2,0,1,0,18,0,0,0,0,0,0,0,0,0,0,0,0
"MONT_N_01","Montaubois","2022-07-04","45°55.337'","74°04.454'","16:35","Minnow_trap","N1",NA,0,0,0,0,0,0,0,0,0,0,0,0,0,0,0,0,0,0,0,0,0,0,0,0,0,0,0,0,0,0,0,0,0,0
"MONT_N_02","Montaubois","2022-07-04","45°55.164'","74°04.467'","16:41","Minnow_trap","N2",NA,0,0,0,0,0,0,0,0,0,0,0,0,0,0,0,0,0,0,0,0,0,0,0,0,0,0,0,0,0,0,0,0,0,0
"MONT_N_03","Montaubois","2022-07-04","45°55.171'","74°04.553'","16:39","Minnow_trap","N3",NA,0,0,0,0,0,0,0,0,0,0,0,0,0,0,0,0,0,0,0,0,0,0,0,0,0,0,0,0,0,0,0,0,0,0
"MONT_N_04","Montaubois","2022-07-04","45°55.409'","74°04.285'","16:29","Minnow_trap","N4",NA,0,0,0,0,0,0,0,0,0,0,0,0,0,0,0,0,0,0,0,0,0,0,0,0,0,0,0,0,0,0,0,0,0,0
"MONT_N_05","Montaubois","2022-07-04","45°55.229'","74°04.547'","16:37","Minnow_trap","N5","Juliane",0,0,0,0,0,3,0,0,0,0,0,0,0,0,0,0,0,0,0,0,0,0,3,0,0,0,0,0,0,0,0,0,0,0
"MONT_N_06","Montaubois","2022-07-04","45°55.281'","74°04.533'","16:35","Minnow_trap","N6","Juliane",0,0,0,0,0,4,0,0,0,0,0,0,0,0,0,0,0,0,0,0,0,0,2,0,0,0,0,0,0,0,0,0,0,0
"MONT_N_07","Montaubois","2022-07-04","45°55.293'","74°04.308'","16:18","Minnow_trap","N7","Juliane",0,0,0,0,0,5,0,0,0,0,0,0,2,0,0,0,0,0,0,0,0,0,4,0,0,0,0,0,0,0,0,0,0,0
"MONT_N_09","Montaubois","2022-07-04","45°55.390'","74°04.419'","16:33","Minnow_trap","N9","Juliane",0,0,0,0,0,6,0,0,0,0,0,0,0,0,0,0,0,0,0,0,0,0,4,0,0,0,0,0,0,0,0,0,0,0
"MONT_N_11","Montaubois","2022-07-04","45°55.261'","74°04.369'","16:17","Minnow_trap","N11","Juliane",0,0,0,0,0,2,0,0,0,0,0,0,0,0,0,0,0,0,0,0,0,0,1,0,0,0,0,0,0,0,0,0,0,0
"MONT_N_12","Montaubois","2022-07-04","45°55.323'","74°04.230'","16:20","Minnow_trap","N12",NA,0,0,0,0,0,0,0,0,0,0,0,0,0,0,0,0,0,0,0,0,0,0,0,0,0,0,0,0,0,0,0,0,0,0
"MONT_N_13","Montaubois","2022-07-04","45°55.359'","74°04.113'","16:21","Minnow_trap","N13",NA,0,0,0,0,0,0,0,0,0,0,0,0,0,0,0,0,0,0,0,0,0,0,0,0,0,0,0,0,0,0,0,0,0,0
"MONT_N_14","Montaubois","2022-07-04","45°55.427'","74°04.091'","16:25","Minnow_trap","N14",NA,0,0,0,0,0,0,0,0,0,0,0,0,0,0,0,0,0,0,0,0,0,0,0,0,0,0,0,0,0,0,0,0,0,0
"MONT_N_15","Montaubois","2022-07-04","45°55.231'","74°04.405'","16:52","Minnow_trap","N15","Juliane",0,0,0,0,0,4,0,0,0,0,0,0,0,0,0,0,0,0,0,0,0,0,2,0,0,0,0,0,0,0,0,0,0,0
"MONT_N_16","Montaubois","2022-07-04","45°55.432'","74°04.157'","16:26","Minnow_trap","N16","Juliane",0,0,0,0,0,6,0,0,0,0,0,0,0,0,0,0,0,0,0,0,0,0,5,0,0,0,0,0,0,0,0,0,0,0
"MONT_N_17","Montaubois","2022-07-04","45°55.377'","74°04.030'","16:23","Minnow_trap","N17","Juliane",0,0,0,0,0,4,0,0,0,0,0,0,0,0,0,0,0,0,0,0,0,0,4,0,0,0,0,0,0,0,0,0,0,0
"MONT_S_01","Montaubois","2022-07-04","45°55.345'","74°04.462'","14:50","Seine","S1","Juliane",0,0,0,0,0,1,0,0,0,0,0,0,0,0,0,0,0,0,0,0,0,0,0,0,0,0,0,0,0,0,0,0,0,0
"MONT_S_02","Montaubois","2022-07-04","45°55.347'","74°04.462'","15:05","Seine","S1","Charles",0,0,0,0,0,3,0,0,0,0,0,0,0,0,0,0,0,0,0,0,0,0,1,0,0,0,0,0,0,0,0,0,0,0
"MONT_S_03","Montaubois","2022-07-04","45°55.383'","74°04.444'","15:20","Seine","S1","Juliane",0,0,0,0,0,17,0,0,0,0,1,0,0,0,0,0,0,0,0,0,0,0,10,0,0,0,0,1,0,0,0,0,0,0
"MONT_S_04","Montaubois","2022-07-04","45°55.378'","74°04.453'","15:50","Seine","S1","Juliane",0,0,0,0,0,11,0,0,0,0,2,0,0,0,0,0,0,0,0,0,0,0,7,0,0,0,0,2,0,0,0,0,0,0
"MONT_S_05","Montaubois","2022-07-04","45°55.365'","74°04.073'","17:28","Seine","S1",NA,0,0,0,0,0,0,0,0,0,0,0,0,0,0,0,0,0,0,0,0,0,0,0,0,0,0,0,0,0,0,0,0,0,0
"MORE_N_01","Morency","2022-07-11","45°55.782'","74°01.786'","17:05","Minnow_trap","N1","Charles",0,0,0,0,6,0,0,0,0,0,0,0,0,0,0,0,0,0,0,0,0,4,0,0,0,0,0,0,0,0,0,0,0,0
"MORE_N_02","Morency","2022-07-11","45°55.718'","74°02.038'","16:20","Minnow_trap","N2","Charles",0,0,0,0,5,0,0,0,0,0,0,0,0,0,0,0,0,0,0,0,0,5,0,0,0,0,0,0,0,0,0,0,0,0
"MORE_N_03","Morency","2022-07-11","45°55.872'","74°01.979'","16:45","Minnow_trap","N3","Charles",0,0,0,0,2,0,0,0,0,0,0,0,0,0,0,0,0,0,0,0,0,2,0,0,0,0,0,0,0,0,0,0,0,0
"MORE_N_04","Morency","2022-07-11","45°55.790'","74°01.692'","17:00","Minnow_trap","N4","Charles",0,0,0,0,3,0,0,0,0,0,0,0,0,0,0,0,0,0,0,0,0,3,0,0,0,0,0,0,0,0,0,0,0,0
"MORE_N_05","Morency","2022-07-11","45°55.677'","74°02.039'","16:26","Minnow_trap","N5","Charles",0,0,0,0,8,0,0,0,0,0,0,0,0,0,0,0,0,0,0,0,0,7,0,0,0,0,0,0,0,0,0,0,0,0
"MORE_N_06","Morency","2022-07-11","45°55.873'","74°01.916'","16:47","Minnow_trap","N6","Charles",0,0,0,0,18,0,0,0,0,0,0,0,0,0,0,0,0,0,0,0,0,18,0,0,0,0,0,0,0,0,0,0,0,0
"MORE_N_07","Morency","2022-07-11","45°55.778'","74°01.727'","17:03","Minnow_trap","N7","Charles",0,0,0,0,18,0,0,0,0,0,0,0,0,0,0,0,0,0,0,0,0,18,0,0,0,0,0,0,0,0,0,0,0,0
"MORE_N_09","Morency","2022-07-11","45°55.728'","74°02.188'","16:40","Minnow_trap","N9","Charles",0,0,0,0,5,0,0,0,0,0,0,0,0,0,0,0,0,0,0,0,0,5,0,0,0,0,0,0,0,0,0,0,0,0
"MORE_N_11","Morency","2022-07-11","45°55.533'","74°02.150'","16:30","Minnow_trap","N11","Charles",0,0,0,0,14,0,0,0,0,0,0,0,0,0,0,0,0,0,0,0,0,13,0,0,0,0,0,0,0,0,0,0,0,0
"MORE_N_12","Morency","2022-07-11","45°55.830'","74°01.840'","16:51","Minnow_trap","N12","Charles",0,0,0,0,4,0,0,0,0,0,0,0,0,0,0,0,0,0,0,0,0,4,0,0,0,0,0,0,0,0,0,0,0,0
"MORE_N_13","Morency","2022-07-11","45°55.818'","74°01.650'","16:56","Minnow_trap","N13","Charles",0,0,0,0,14,0,0,0,0,0,0,0,0,0,0,0,0,0,0,0,0,14,0,0,0,0,0,0,0,0,0,0,0,0
"MORE_N_14","Morency","2022-07-11","45°55.693'","74°02.333'","16:38","Minnow_trap","N14","Charles",0,0,0,0,4,0,0,0,0,0,0,0,0,0,0,0,0,0,0,0,0,2,0,0,0,0,0,0,0,0,0,0,0,0
"MORE_N_15","Morency","2022-07-11","45°55.821'","74°02.043'","16:42","Minnow_trap","N15","Charles",0,0,0,0,1,0,0,0,0,0,0,0,0,0,0,0,0,0,0,0,0,1,0,0,0,0,0,0,0,0,0,0,0,0
"MORE_N_16","Morency","2022-07-11","45°55.753'","74°01.939'","16:10","Minnow_trap","N16","Charles",0,0,0,0,1,0,0,0,0,0,0,0,0,0,0,0,0,0,0,0,0,1,0,0,0,0,0,0,0,0,0,0,0,0
"MORE_N_17","Morency","2022-07-11","45°55.757'","74°01.880'","16:10","Minnow_trap","N17","Charles",0,0,0,0,1,0,0,0,0,0,0,0,0,0,0,0,0,0,0,0,0,1,0,0,0,0,0,0,0,0,0,0,0,0
"MORE_S_01","Morency","2022-07-11","45°55.757'","74°01.880'","13:35","Seine","S1","Juliane",0,0,7,0,18,0,0,0,0,0,0,0,0,0,0,0,0,0,0,1,0,16,0,0,0,0,0,0,0,0,0,0,0,0
"MORE_S_02","Morency","2022-07-11","45°55.833'","74°01.839'","14:15","Seine","S1","Lea",0,0,4,0,5,0,0,0,0,0,0,0,0,0,0,0,0,0,0,0,0,5,0,0,0,0,0,0,0,0,0,0,0,0
"MORE_S_03","Morency","2022-07-11","45°55.855'","74°01.886'","14:45","Seine","S1","Lea",0,0,0,0,11,0,0,0,0,0,0,0,0,0,0,0,0,0,0,0,0,8,0,0,0,0,0,0,0,0,0,0,0,0
"MORE_S_04","Morency","2022-07-11","45°55.848'","74°02.018'","15:10","Seine","S1","Juliane",0,0,0,0,15,0,0,0,0,0,0,0,0,0,0,0,0,0,0,0,0,13,0,0,0,0,0,0,0,0,0,0,0,0
"MORE_S_05","Morency","2022-07-11","45°55.658'","74°02.048'","15:40","Seine","S1","Lea",0,0,0,0,8,0,0,0,0,0,0,0,0,0,0,0,0,0,0,0,0,7,0,0,0,0,0,0,0,0,0,0,0,0
"MORE_S_06","Morency","2022-07-11","45°55.757'","74°01.880'","15:10","Seine","S1","Juliane",0,0,2,0,4,0,0,0,0,0,0,0,0,0,0,0,5,0,0,0,0,1,0,0,0,0,0,0,0,0,0,0,0,0
"PINR_N_01","Pin_rouge","2022-07-08","45°57.713'","74°02.495'","15:54","Minnow_trap","N1",NA,0,0,0,0,0,0,0,0,0,0,0,0,0,0,0,0,0,0,0,0,0,0,0,0,0,0,0,0,0,0,0,0,0,0
"PINR_N_02","Pin_rouge","2022-07-08","45°57.608'","74°02.632'","15:43","Minnow_trap","N2",NA,0,0,0,0,0,0,0,0,0,0,0,0,0,0,0,0,0,0,0,0,0,0,0,0,0,0,0,0,0,0,0,0,0,0
"PINR_N_03","Pin_rouge","2022-07-08","45°57.534'","74°02.495'","16:13","Minnow_trap","N3","Juliane",0,0,0,0,1,0,0,0,0,0,0,0,0,0,0,0,0,0,0,0,0,1,0,0,0,0,0,0,0,0,0,0,0,0
"PINR_N_04","Pin_rouge","2022-07-08","45°57.497'","74°02.606'","15:35","Minnow_trap","N4",NA,0,0,0,0,0,0,0,0,0,0,0,0,0,0,0,0,0,0,0,0,0,0,0,0,0,0,0,0,0,0,0,0,0,0
"PINR_N_05","Pin_rouge","2022-07-08","45°57.630'","74°02.557'","15:50","Minnow_trap","N5",NA,0,0,0,0,0,0,0,0,0,0,0,0,0,0,0,0,0,0,0,0,0,0,0,0,0,0,0,0,0,0,0,0,0,0
"PINR_N_06","Pin_rouge","2022-07-08","45°57.608'","74°02.585'","15:48","Minnow_trap","N6","Juliane",1,0,0,0,2,0,0,0,0,0,0,0,0,0,0,0,0,1,0,0,0,2,0,0,0,0,0,0,0,0,0,0,0,0
"PINR_N_07","Pin_rouge","2022-07-08","45°57.775'","74°02.324'","16:00","Minnow_trap","N7",NA,0,0,0,0,0,0,0,0,0,0,0,0,0,0,0,0,0,0,0,0,0,0,0,0,0,0,0,0,0,0,0,0,0,0
"PINR_N_09","Pin_rouge","2022-07-08","45°57.671'","74°02.523'","15:52","Minnow_trap","N9","Juliane",1,0,0,0,1,0,0,0,0,0,0,0,0,0,0,0,0,1,0,0,0,1,0,0,0,0,0,0,0,0,0,0,0,0
"PINR_N_11","Pin_rouge","2022-07-08","45°57.553'","74°02.647'","15:40","Minnow_trap","N11","Juliane",0,0,0,0,3,0,0,0,0,0,0,0,0,0,0,0,0,0,0,0,0,2,0,0,0,0,0,0,0,0,0,0,0,0
"PINR_N_12","Pin_rouge","2022-07-08","45°57.495'","74°02.550'","15:33","Minnow_trap","N12",NA,0,0,0,0,0,0,0,0,0,0,0,0,0,0,0,0,0,0,0,0,0,0,0,0,0,0,0,0,0,0,0,0,0,0
"PINR_N_13","Pin_rouge","2022-07-08","45°57.610'","74°02.408'","16:07","Minnow_trap","N13",NA,0,0,0,0,0,0,0,0,0,0,0,0,0,0,0,0,0,0,0,0,0,0,0,0,0,0,0,0,0,0,0,0,0,0
"PINR_N_14","Pin_rouge","2022-07-08","45°57.786'","74°02.415'","15:57","Minnow_trap","N14","Juliane",0,0,0,0,4,0,0,0,0,0,0,0,0,0,0,0,0,0,0,0,0,3,0,0,0,0,0,0,0,0,0,0,0,0
"PINR_N_15","Pin_rouge","2022-07-08","45°57.554'","74°02.692'","15:42","Minnow_trap","N15",NA,0,0,0,0,0,0,0,0,0,0,0,0,0,0,0,0,0,0,0,0,0,0,0,0,0,0,0,0,0,0,0,0,0,0
"PINR_N_16","Pin_rouge","2022-07-08","45°57.602'","74°02.450'","16:11","Minnow_trap","N16","Juliane",0,0,0,0,15,1,0,0,0,0,0,0,0,0,0,0,0,0,0,0,0,13,1,0,0,0,0,0,0,0,0,0,0,0
"PINR_N_17","Pin_rouge","2022-07-08","45°57.746'","74°02.459'","15:56","Minnow_trap","N17","Juliane",0,0,0,0,2,0,0,0,0,0,0,0,0,0,0,0,0,0,0,0,0,2,0,0,0,0,0,0,0,0,0,0,0,0
"PINR_S_01","Pin_rouge","2022-07-08","45°57.519'","74°02.501'","13:30","Seine","S1","Juliane",0,0,0,0,5,0,0,0,0,0,0,0,0,0,0,0,0,0,0,0,0,5,0,0,0,0,0,0,0,0,0,0,0,0
"PINR_S_02","Pin_rouge","2022-07-08","45°57.545'","74°02.495'","13:45","Seine","S1","Juliane",0,0,0,0,1,0,0,0,0,0,0,0,0,0,0,0,0,0,0,0,0,1,0,0,0,0,0,0,0,0,0,0,0,0
"PINR_S_03","Pin_rouge","2022-07-08","45°57.608'","74°02.419'","14:00","Seine","S1","Juliane",1,0,0,0,1,0,0,0,0,0,0,0,0,0,0,0,0,1,0,0,0,1,0,0,0,0,0,0,0,0,0,0,0,0
"PINR_S_04","Pin_rouge","2022-07-08","45°57.480'","74°02.572'","15:00","Seine","S1","Charles",0,0,2,0,10,0,0,0,0,0,0,0,0,0,0,0,0,0,0,0,0,8,0,0,0,0,0,0,0,0,0,0,0,0
"PINR_S_05","Pin_rouge","2022-07-08","45°57.495'","74°02.517'","15:20","Seine","S1","Charles",0,0,0,0,6,0,0,0,0,0,0,0,0,0,0,0,0,0,0,0,0,6,0,0,0,0,0,0,0,0,0,0,0,0
"STON_N_01","St-Onge","2022-06-20","45°54.910'","73°57.744'","16:03","Minnow_trap","N1",NA,0,0,0,0,0,0,0,0,0,0,0,0,0,0,0,0,0,0,0,0,0,0,0,0,0,0,0,0,0,0,0,0,0,0
"STON_N_02","St-Onge","2022-06-20","45°54.836'","73°57.766'","16:10","Minnow_trap","N2",NA,0,0,0,0,0,0,0,0,0,0,0,0,0,0,0,0,0,0,0,0,0,0,0,0,0,0,0,0,0,0,0,0,0,0
"STON_N_03","St-Onge","2022-06-20","45°54.920'","73°57.693'","16:18","Minnow_trap","N3",NA,0,0,0,0,0,0,0,0,0,0,0,0,0,0,0,0,0,0,0,0,0,0,0,0,0,0,0,0,0,0,0,0,0,0
"STON_N_04","St-Onge","2022-06-20","45°54.920'","73°57.719'","16:00","Minnow_trap","N4","Lea",0,0,0,0,0,2,0,0,0,0,0,0,0,0,0,0,0,0,0,0,0,0,0,0,0,0,0,0,0,0,0,0,0,0
"STON_N_05","St-Onge","2022-06-20","45°54.922'","73°57.699'","16:18","Minnow_trap","N5",NA,0,0,0,0,0,0,0,0,0,0,0,0,0,0,0,0,0,0,0,0,0,0,0,0,0,0,0,0,0,0,0,0,0,0
"STON_N_06","St-Onge","2022-06-20","45°54.918'","73°57.729'","16:02","Minnow_trap","N6","Lea",0,0,0,0,0,2,0,0,0,0,0,0,0,0,0,0,0,0,0,0,0,0,0,0,0,0,0,0,0,0,0,0,0,0
"STON_N_07","St-Onge","2022-06-20","45°54.828'","73°57.740'","16:11","Minnow_trap","N7",NA,0,0,0,0,0,0,0,0,0,0,0,0,0,0,0,0,0,0,0,0,0,0,0,0,0,0,0,0,0,0,0,0,0,0
"STON_N_08","St-Onge","2022-06-20","45°54.913'","73°57.735'","16:03","Minnow_trap","N8","Lea",0,0,0,0,0,3,0,0,0,0,0,0,1,0,0,0,0,0,0,0,0,0,0,0,0,0,0,0,0,0,0,0,0,0
"STON_N_09","St-Onge","2022-06-20","45°54.921'","73°57.697'","16:08","Minnow_trap","N9","Lea",0,0,0,0,0,1,0,0,0,0,0,0,0,0,0,0,0,0,0,0,0,0,0,0,0,0,0,0,0,0,0,0,0,0
"STON_N_10","St-Onge","2022-06-20","45°54.904'","73°57.751'","16:04","Minnow_trap","N10","Lea",0,0,0,0,0,0,0,0,0,0,0,0,1,0,0,0,0,0,0,0,0,0,0,0,0,0,0,0,0,0,0,0,0,0
"STON_N_11","St-Onge","2022-06-20","45°54.840'","73°57.769'","16:09","Minnow_trap","N11","Lea",0,0,0,0,0,5,0,0,0,0,0,0,0,0,0,0,0,0,0,0,0,0,0,0,0,0,0,0,0,0,0,0,0,0
"STON_N_12","St-Onge","2022-06-20","45°54.908'","73°57.688'","16:21","Minnow_trap","N12",NA,0,0,0,0,0,0,0,0,0,0,0,0,0,0,0,0,0,0,0,0,0,0,0,0,0,0,0,0,0,0,0,0,0,0
"STON_N_13","St-Onge","2022-06-20","45°54.911'","73°57.690'","16:20","Minnow_trap","N13",NA,0,0,0,0,0,0,0,0,0,0,0,0,0,0,0,0,0,0,0,0,0,0,0,0,0,0,0,0,0,0,0,0,0,0
"STON_N_14","St-Onge","2022-06-20","45°54.843'","73°57.773'","16:08","Minnow_trap","N14",NA,0,0,0,0,0,0,0,0,0,0,0,0,0,0,0,0,0,0,0,0,0,0,0,0,0,0,0,0,0,0,0,0,0,0
"STON_N_15","St-Onge","2022-06-20","45°54.924'","73°57.715'","16:00","Minnow_trap","N15","Lea",0,0,0,0,0,1,0,0,0,0,0,0,0,0,0,0,0,0,0,0,0,0,0,0,0,0,0,0,0,0,0,0,0,0
"STON_S_01","St-Onge","2022-06-20","45°54.925'","73°57.699'","15:10","Seine","S1","Charles",0,0,0,0,0,14,0,0,0,0,0,0,1,0,0,0,0,0,0,0,0,0,0,0,0,0,0,0,0,0,0,0,0,0
"STON_S_02","St-Onge","2022-06-20","45°54.917'","73°57.690'","15:50","Seine","S1","Charles",0,0,0,0,0,8,0,0,0,0,0,0,1,0,0,0,0,0,0,0,0,0,0,0,0,0,0,0,0,0,0,0,0,0
"STON_S_03","St-Onge","2022-06-20","45°54.830'","73°57.735'","16:40","Seine","S1","Charles",0,0,0,0,0,4,0,0,0,0,0,0,0,0,0,0,0,0,0,0,0,0,0,0,0,0,0,0,0,0,0,0,0,0
"STON_S_04","St-Onge","2022-06-20","45°54.830'","73°57.742'","16:57","Seine","S1","Lea",0,0,0,0,0,12,0,0,0,0,0,0,0,0,0,0,0,0,0,0,0,0,0,0,0,0,0,0,0,0,0,0,0,0
"TRAC_N_01","Tracy","2022-07-06","45°55.662'","74°03.862'","16:40","Minnow_trap","N1",NA,0,0,0,0,0,0,0,0,0,0,0,0,0,0,0,0,0,0,0,0,0,0,0,0,0,0,0,0,0,0,0,0,0,0
"TRAC_N_02","Tracy","2022-07-06","45°55.578'","74°04.076'","16:29","Minnow_trap","N2",NA,0,0,0,0,0,0,0,0,0,0,0,0,0,0,0,0,0,0,0,0,0,0,0,0,0,0,0,0,0,0,0,0,0,0
"TRAC_N_03","Tracy","2022-07-06","45°55.579'","74°03.902'","16:29","Minnow_trap","N3",NA,0,0,0,0,0,0,0,0,0,0,0,0,0,0,0,0,0,0,0,0,0,0,0,0,0,0,0,0,0,0,0,0,0,0
"TRAC_N_04","Tracy","2022-07-06","45°55.514'","74°04.086'","16:24","Minnow_trap","N4",NA,0,0,0,0,0,0,0,0,0,0,0,0,0,0,0,0,0,0,0,0,0,0,0,0,0,0,0,0,0,0,0,0,0,0
"TRAC_N_05","Tracy","2022-07-06","45°55.657'","74°04.029'","16:33","Minnow_trap","N5",NA,0,0,0,0,0,0,0,0,0,0,0,0,0,0,0,0,0,0,0,0,0,0,0,0,0,0,0,0,0,0,0,0,0,0
"TRAC_N_06","Tracy","2022-07-06","45°55.545'","74°04.112'","16:25","Minnow_trap","N6","Juliane",0,0,0,0,0,1,0,0,0,0,0,0,0,0,0,0,0,0,0,0,0,0,0,0,0,0,0,0,0,0,0,0,0,0
"TRAC_N_07","Tracy","2022-07-06","45°55.544'","74°04.006'","16:19","Minnow_trap","N7",NA,0,0,0,0,0,0,0,0,0,0,0,0,0,0,0,0,0,0,0,0,0,0,0,0,0,0,0,0,0,0,0,0,0,0
"TRAC_N_09","Tracy","2022-07-06","45°55.613'","74°04.055'","16:31","Minnow_trap","N9",NA,0,0,0,0,0,0,0,0,0,0,0,0,0,0,0,0,0,0,0,0,0,0,0,0,0,0,0,0,0,0,0,0,0,0
"TRAC_N_11","Tracy","2022-07-06","45°55.658'","74°03.837'","16:38","Minnow_trap","N11",NA,0,0,0,0,0,0,0,0,0,0,0,0,0,0,0,0,0,0,0,0,0,0,0,0,0,0,0,0,0,0,0,0,0,0
"TRAC_N_12","Tracy","2022-07-06","45°55.662'","74°03.862'","16:15","Minnow_trap","N12",NA,0,0,0,0,0,0,0,0,0,0,0,0,0,0,0,0,0,0,0,0,0,0,0,0,0,0,0,0,0,0,0,0,0,0
"TRAC_N_13","Tracy","2022-07-06","45°55.520'","74°04.057'","16:22","Minnow_trap","N13",NA,0,0,0,0,0,0,0,0,0,0,0,0,0,0,0,0,0,0,0,0,0,0,0,0,0,0,0,0,0,0,0,0,0,0
"TRAC_N_14","Tracy","2022-07-06","45°55.567'","74°03.937'","16:18","Minnow_trap","N14",NA,0,0,0,0,0,0,0,0,0,0,0,0,0,0,0,0,0,0,0,0,0,0,0,0,0,0,0,0,0,0,0,0,0,0
"TRAC_N_15","Tracy","2022-07-06","45°55.699'","74°03.898'","16:37","Minnow_trap","N15",NA,0,0,0,0,0,0,0,0,0,0,0,0,0,0,0,0,0,0,0,0,0,0,0,0,0,0,0,0,0,0,0,0,0,0
"TRAC_N_16","Tracy","2022-07-06","45°55.579'","74°03.902'","16:15","Minnow_trap","N16",NA,0,0,0,0,0,0,0,0,0,0,0,0,0,0,0,0,0,0,0,0,0,0,0,0,0,0,0,0,0,0,0,0,0,0
"TRAC_N_17","Tracy","2022-07-06","45°55.686'","74°03.983'","16:36","Minnow_trap","N17",NA,0,0,0,0,0,0,0,0,0,0,0,0,0,0,0,0,0,0,0,0,0,0,0,0,0,0,0,0,0,0,0,0,0,0
"TRAC_S_01","Tracy","2022-07-06","45°55.513'","74°04.089'","13:45","Seine","S1",NA,0,0,0,0,0,0,0,0,0,0,0,0,0,0,0,0,0,0,0,0,0,0,0,0,0,0,0,0,0,0,0,0,0,0
"TRAC_S_02","Tracy","2022-07-06","45°55.603'","74°04.059'","14:00","Seine","S1",NA,0,0,0,0,0,0,0,0,0,0,0,0,0,0,0,0,0,0,0,0,0,0,0,0,0,0,0,0,0,0,0,0,0,0
"TRAC_S_03","Tracy","2022-07-06","45°55.690'","74°03.981'","14:25","Seine","S1",NA,0,0,0,0,0,0,0,0,0,0,0,0,0,0,0,0,0,0,0,0,0,0,0,0,0,0,0,0,0,0,0,0,0,0
"TRAC_S_04","Tracy","2022-07-06","45°55.702'","74°03.833'","15:35","Seine","S1",NA,0,0,0,0,0,0,0,0,0,0,0,0,0,0,0,0,0,0,0,0,0,0,0,0,0,0,0,0,0,0,0,0,0,0
"TRIT_N_01","Triton","2022-06-29","45°59.270'","74°00.529'","16:05","Minnow_trap","N1",NA,0,0,0,0,0,0,0,0,0,0,0,0,0,0,0,0,0,0,0,0,0,0,0,0,0,0,0,0,0,0,0,0,0,0
"TRIT_N_02","Triton","2022-06-29","45°59.272'","74°00.409'","16:15","Minnow_trap","N2","Lea",0,0,0,0,4,0,0,0,0,0,0,0,0,0,0,0,0,0,0,0,0,0,0,0,0,0,0,0,0,0,0,0,0,0
"TRIT_N_03","Triton","2022-06-29","45°59.233'","74°00.524'","16:09","Minnow_trap","N3",NA,0,0,0,0,0,0,0,0,0,0,0,0,0,0,0,0,0,0,0,0,0,0,0,0,0,0,0,0,0,0,0,0,0,0
"TRIT_N_04","Triton","2022-06-29","45°59.294'","74°00.424'","16:00","Minnow_trap","N4","Lea",0,0,0,0,12,0,0,3,0,0,0,0,0,0,0,0,0,0,0,0,0,0,0,0,0,0,0,0,0,0,0,0,0,0
"TRIT_N_05","Triton","2022-06-29","45°59.222'","74°00.550'","16:08","Minnow_trap","N5","Lea",0,0,0,0,4,0,0,0,0,0,0,0,0,0,0,0,0,0,0,0,0,0,0,0,0,0,0,0,0,0,0,0,0,0
"TRIT_N_06","Triton","2022-06-29","45°59.300'","74°00.469'","16:02","Minnow_trap","N6","Lea",0,0,0,0,9,0,0,0,0,0,0,0,0,0,0,0,0,0,0,0,0,0,0,0,0,0,0,0,0,0,0,0,0,0
"TRIT_N_07","Triton","2022-06-29","45°59.285'","74°00.507'","16:04","Minnow_trap","N7","Lea",0,0,0,0,13,0,0,0,0,0,0,0,0,0,0,0,0,0,0,0,0,0,0,0,0,0,0,0,0,0,0,0,0,0
"TRIT_N_09","Triton","2022-06-29","45°59.289'","74°00.435'","16:01","Minnow_trap","N9","Lea",0,0,0,0,23,0,0,0,0,0,0,0,0,0,0,0,0,0,0,0,0,0,0,0,0,0,0,0,0,0,0,0,0,0
"TRIT_N_11","Triton","2022-06-29","45°59.245'","74°00.474'","16:12","Minnow_trap","N11","Lea",0,0,0,0,6,0,0,0,0,0,0,0,0,0,0,0,0,0,0,0,0,0,0,0,0,0,0,0,0,0,0,0,0,0
"TRIT_N_12","Triton","2022-06-29","45°59.262'","74°00.427'","16:14","Minnow_trap","N12",NA,0,0,0,0,0,0,0,0,0,0,0,0,0,0,0,0,0,0,0,0,0,0,0,0,0,0,0,0,0,0,0,0,0,0
"TRIT_N_13","Triton","2022-06-29","45°59.243'","74°00.551'","16:06","Minnow_trap","N13","Lea",0,0,0,0,6,0,0,8,0,0,0,0,0,0,0,0,0,0,0,0,0,0,0,0,0,0,0,0,0,0,0,0,0,0
"TRIT_N_14","Triton","2022-06-29","45°59.291'","74°00.452'","16:01","Minnow_trap","N14","Lea",0,0,0,0,4,0,0,0,0,0,0,0,0,0,0,0,0,0,0,0,0,0,0,0,0,0,0,0,0,0,0,0,0,0
"TRIT_N_15","Triton","2022-06-29","45°59.239'","74°00.509'","16:10","Minnow_trap","N15","Lea",0,0,0,0,8,0,0,0,0,0,0,0,0,0,0,0,0,0,0,0,0,0,0,0,0,0,0,0,0,0,0,0,0,0
"TRIT_N_16","Triton","2022-06-29","45°59.298'","74°00.375'","16:17","Minnow_trap","N16","Lea",0,0,0,0,2,0,0,0,0,0,0,0,0,0,0,0,0,0,0,0,0,0,0,0,0,0,0,0,0,0,0,0,0,0
"TRIT_N_17","Triton","2022-06-29","45°59.227'","74°00.557'","16:07","Minnow_trap","N17","Lea",0,0,0,0,2,0,0,0,0,0,0,0,0,0,0,0,0,0,0,0,0,0,0,0,0,0,0,0,0,0,0,0,0,0
"TRIT_S_01","Triton","2022-06-29","45°59.297'","74°00.377'","10:55","Seine","S1","Juliane",0,0,0,0,28,0,0,0,0,0,0,0,0,0,0,0,0,0,0,0,0,0,0,0,0,0,0,0,0,0,0,0,0,0
"TRIT_S_02","Triton","2022-06-29","45°59.299'","74°00.407'","11:20","Seine","S1","Charles",0,0,0,0,10,0,0,0,0,0,0,0,0,0,0,0,0,0,0,0,0,0,0,0,0,0,0,0,0,0,0,0,0,0
"TRIT_S_03","Triton","2022-06-29","45°59.289'","74°00.437'","11:35","Seine","S1","Lea",0,0,0,0,3,0,0,0,0,0,0,0,0,0,0,0,0,0,0,0,0,0,0,0,0,0,0,0,0,0,0,0,0,0
"TRIT_S_04","Triton","2022-06-29","45°59.258'","74°00.431'","13:45","Seine","S1","Lea",0,0,0,0,17,0,0,3,0,0,0,0,0,0,0,0,0,0,0,0,0,0,0,0,0,0,0,0,0,0,0,0,0,0
